,ID,Sentence
105,BAC009S0002W0228,推动 社会 生产 力 发展
644,BAC009S0003W0422,生产 前 将 专心 养 胎
723,BAC009S0004W0127,新 的 经营 模式 正在 形成
909,BAC009S0004W0328,提供 的 数据 大 相 径庭
930,BAC009S0004W0351,二零零八 年 统计 数据 显示
1083,BAC009S0005W0131,可以 调整 业务 布局 结构
1511,BAC009S0006W0221,申银 万国 数据 测算 显示
1552,BAC009S0006W0266,与 可 穿戴 设备 相关 的
1634,BAC009S0006W0358,以 分担 减轻 膝 关节 压力
1842,BAC009S0007W0194,应该 说 操作 性 比较 强
1921,BAC009S0007W0282,提供 全 手动 设置 控制
2107,BAC009S0007W0484,司机 已经 被 警方 控制
2191,BAC009S0008W0195,开展 产险 行业 整体 测试
2247,BAC009S0008W0253,即 车载 信息 娱乐 系统
2269,BAC009S0008W0284,但是 今年 我们 做 了 调整
2586,BAC009S0009W0289,拥有 自己 的 操作 系统
2817,BAC009S0010W0152,高 周转 模式 遇阻 之后
3187,BAC009S0011W0179,不 会增 加 需求 的 压力
3304,BAC009S0011W0313,而 存储 于 用户 设备 中
3385,BAC009S0011W0395,顶住 了 压力 惊险 晋级
3624,BAC009S0012W0267,各 大生产 厂家 停滞 不 前
4285,BAC009S0014W0208,关停 小火 电机 组
4659,BAC009S0015W0228,国家 将 实行 总量 控制
4747,BAC009S0015W0333,迅速 扩大 了 生产 的 规模
4947,BAC009S0016W0159,互联 网 家装 模式 众多
5081,BAC009S0016W0316,所以 设备 对 人 的 替代
5264,BAC009S0017W0124,质量 控制 难免 存在 问题
5731,BAC009S0018W0241,十二五 有 望 启动 环境 税
6108,BAC009S0019W0258,并 为 城市 提供 能源 数据
6113,BAC009S0019W0263,根据 用户 的 运动 数据
6125,BAC009S0019W0276,首先 就 数据 的 安全 隐私
6129,BAC009S0019W0281,我 采集 了 你 哪些 数据
6342,BAC009S0020W0128,根据 国家 统计 局 数据
6361,BAC009S0020W0147,需要 一定 时间 调整 利率
6375,BAC009S0020W0161,国家 统计 局 数据 显示
6721,BAC009S0021W0155,国家 统计 局 数据 显示
6773,BAC009S0021W0208,若 不 对消 费加 以 控制
6775,BAC009S0021W0210,国家 统计 局 数据 显示
6803,BAC009S0021W0238,启动 税制 改革
7005,BAC009S0021W0470,一定 要 到 医院 进行 检查
7736,BAC009S0024W0134,库存 压力 也 在 稳步 释放
7754,BAC009S0024W0152,从 以上 数据 不 难看 出
8123,BAC009S0025W0163,据 中原 地产 数据 显示
8395,BAC009S0025W0461,立即 启动 命案 侦破 机制
8483,BAC009S0026W0176,据 中原 地产 数据 显示
8554,BAC009S0026W0248,如此 操作 的 空间 更 大
8596,BAC009S0026W0317,据 奥维 咨询 统计 的 数据
8822,BAC009S0027W0170,有 企业 策略 调整 的 转型
8861,BAC009S0027W0209,未来 拨备 压力 不 容 小视
8895,BAC009S0027W0244,监管 当局 设定 了 宽限 期
8926,BAC009S0027W0284,我们 分期 付款 设备 回收
9587,BAC009S0029W0217,央行 发布 的 数据 显示
9910,BAC009S0030W0185,经营 模式 如何 变革
10490,BAC009S0031W0481,因此 设置 成 了 丢失 模式
10598,BAC009S0032W0220,运用 经济 状况 核对 系统
11126,BAC009S0033W0455,参与 过敏 风险 指数 测试
11575,BAC009S0035W0186,成为 最 环保 启动 仪式
11665,BAC009S0035W0285,二零一四 财年 营收 数据
11900,BAC009S0036W0154,成为 最 环保 启动 仪式
11902,BAC009S0036W0156,成为 最 环保 启动 仪式
12019,BAC009S0036W0304,大幅 减少 资金 占用 压力
12070,BAC009S0036W0359,但 他 还是 控制 了 力道
12115,BAC009S0036W0404,该 片 始终 没 有 启动
12206,BAC009S0037W0124,成为 最 环保 启动 仪式
12314,BAC009S0037W0244,如何 运行 如何 分红
12320,BAC009S0037W0250,按照 相似 的 契约 运行 的
12388,BAC009S0037W0330,到 产品 的 生产 和 销售
13338,BAC009S0040W0250,据 数据 统计
13569,BAC009S0041W0139,从 销售 业绩 的 压力 来看
14274,BAC009S0043W0165,绿地 模式 是 可以 复制 的
14332,BAC009S0043W0223,汪 建中 一直 操作 规范
14373,BAC009S0043W0273,对 电脑 端 操作 系统 而言
14374,BAC009S0043W0278,它 能 维护 系统 的 安全
14415,BAC009S0043W0333,此类 模式 又开 始 涌现
14939,BAC009S0045W0166,加 上地 方 经济 增长 压力
15022,BAC009S0045W0253,设备 上 储存 的 音乐 数量
15562,BAC009S0047W0127,不 少 房企 迫于 资金 压力
15580,BAC009S0047W0148,进而 加重 企业 资金 压力
16572,BAC009S0050W0126,据 中国 指数 研究 院 监测
16594,BAC009S0050W0149,据 中国 指数 研究 院 监测
16968,BAC009S0051W0166,二月 房价 数据 继续 走低
17394,BAC009S0052W0241,虽然 有 利于 控制 风险
17427,BAC009S0052W0299,将 这些 数据 上传 至云 端
17429,BAC009S0052W0301,模式 上进 行 创新
17545,BAC009S0052W0451,要求 停止 侵权 赔礼 道歉
17628,BAC009S0053W0159,现在 贷款 门槛 降低 了
17667,BAC009S0053W0198,并进 行 必要 的 询问 检查
17784,BAC009S0053W0337,识别 控制 者 的 控制 意图
18011,BAC009S0054W0219,合理 控制 围 填海 规模
18066,BAC009S0054W0297,能够 缓冲 跌落 或者 压力
18267,BAC009S0055W0128,全年 要 达标 有 一定 压力
18428,BAC009S0055W0325,维护 消费 者 的 合法 权益
18848,BAC009S0056W0407,则 启动 第 二 部
19081,BAC009S0057W0288,无 论 是 在 研发 生产
19292,BAC009S0058W0150,去 库存 压力 仍然 较大
19330,BAC009S0058W0188,一旦 具有 现实 的 操作 性
19414,BAC009S0058W0281,对进 行 了 渠道 一定 调整
19569,BAC009S0058W0451,中纪 委 启动 天网 行动
19780,BAC009S0059W0305,维护 消费 者 的 合法 权益
20308,BAC009S0061W0121,回款 不 力 等 资金 压力
20481,BAC009S0061W0311,很快 将 启动 一批 项目
20996,BAC009S0062W0490,海淀 城管 在 检查 中发 现
21018,BAC009S0063W0137,开发 商 资金 压力 过重
21062,BAC009S0063W0184,不 少 房企 迫于 资金 压力
21366,BAC009S0064W0138,进而 加重 企业 资金 压力
21866,BAC009S0065W0299,就 需要 智慧 语言 控制
21883,BAC009S0065W0319,都 在模 仿 小米 的 模式
22432,BAC009S0067W0139,国家 统计 局 数据 显示
22457,BAC009S0067W0164,国家 统计 局 数据 显示
22494,BAC009S0067W0201,设定 了 严格 的 法律 责任
22540,BAC009S0067W0247,设定 了 严格 的 法律 责任
22836,BAC009S0068W0184,占 监测 重点 城市 近 八成
24087,BAC009S0071W0366,贵人鸟 发光 公益 季 启动
24230,BAC009S0072W0135,据 同花 顺 数据 统计 显示
24313,BAC009S0072W0219,调整 了 出口 报关 流程
24634,BAC009S0073W0195,禁止 生产 销售 和 进口
24674,BAC009S0073W0237,一 起 竞 网站 停止 访问
25337,BAC009S0075W0220,加大 债券 结构 调整 力度
25362,BAC009S0075W0245,动态 调整 路线 图 清晰
25811,BAC009S0076W0362,启动 时 脚步 蹬 地 挺 胯
26003,BAC009S0077W0182,在 销售 数据 回暖 的 同时
26398,BAC009S0078W0224,扣押 各类 制假 设备
26412,BAC009S0078W0238,记者 你 怎样 生产 假药
26643,BAC009S0078W0486,男子 停车 在 车底 检查 时
27623,BAC009S0081W0422,计划 调整 薪水
27851,BAC009S0082W0286,提升 生态 系统 的 能力
28209,BAC009S0083W0288,即可 以 启动 摄像 过程
28464,BAC009S0084W0182,或 随时 准备 调整 价格
28476,BAC009S0084W0194,支撑 科技 创新 的 调整
28759,BAC009S0085W0128,据 中原 地产 数据 显示
28811,BAC009S0085W0181,购房 者 停止 入市 并 观望
29041,BAC009S0085W0448,人 社 部 发布 数据 显示
29642,BAC009S0087W0337,通过 系统 数据 的 采集
30171,BAC009S0089W0154,因为 北京 设定 了 上限
30556,BAC009S0090W0193,或者 不 愿意 进行 调整
30865,BAC009S0091W0155,都 需要 作出 调整 和 变化
30956,BAC009S0091W0246,做好 降 费 的 技术 操作
31271,BAC009S0092W0210,可以 启动 临时 采购 程序
31313,BAC009S0092W0252,该 股东 及其 控制 机构
31877,BAC009S0094W0121,开发 商 的 销售 压力 较大
31878,BAC009S0094W0122,统计 局 发布 的 数据 显示
32038,BAC009S0094W0299,转型 为 设备 和服 务 公司
32175,BAC009S0094W0448,今日 自动 扶梯 恢复 运行
32321,BAC009S0095W0220,并且 所 得 税 应该 降低
32363,BAC009S0095W0266,而 不 是 设备 的 移动 化
32376,BAC009S0095W0287,不管 采用 的 是 什么 系统
32720,BAC009S0096W0277,微软 将 尽快 推 送给 设备
32907,BAC009S0096W0473,两人 均 已 被 警方 控制
32922,BAC009S0096W0488,制定 基因 检测 的 指南
32951,BAC009S0097W0142,国家 统计 局 数据 显示
33059,BAC009S0097W0255,毕竟 传输 速度 大大 提升
33080,BAC009S0097W0286,升级 新 系统 有 多大 价值
33367,BAC009S0098W0216,对 监管 系统 违法 违纪 者
33388,BAC009S0098W0237,仍 继续 违法 违规 生产 的
33389,BAC009S0098W0238,要 责令 其立 即 停止 生产
33661,BAC009S0099W0171,国家 统计 局 数据 显示
33749,BAC009S0099W0259,界面 类似 苹果 的 系统
33801,BAC009S0099W0327,代工 厂 生产 的 非常 慢
33983,BAC009S0100W0142,为 缓解 房价 上涨 压力
34005,BAC009S0100W0164,国家 统计 局 数据 显示
34033,BAC009S0100W0192,单位 联合 发文 的 模式
34050,BAC009S0100W0209,仍 继续 违法 违规 生产 的
34051,BAC009S0100W0210,要 责令 其立 即 停止 生产
34354,BAC009S0101W0155,楼市 销售 数据 并 不 乐观
34723,BAC009S0102W0166,逐步 降低 企业 融资 成本
34870,BAC009S0102W0329,对于 可 穿戴 设备 的 前景
34871,BAC009S0102W0330,联网 设备 从 大型 的 电脑
34873,BAC009S0102W0332,这个 头 就 是 穿戴 设备
35039,BAC009S0103W0126,虽然 统计 局 数据 显示
35441,BAC009S0104W0192,促进 上市 公司 规范 运作
35711,BAC009S0104W0495,降低 交通 事故 发生 率
35715,BAC009S0105W0124,逐步 降低 企业 融资 成本
35741,BAC009S0105W0150,虽然 统计 局 数据 显示
35814,BAC009S0105W0224,严格 实际 控制 人 的 披露
35815,BAC009S0105W0225,实际 控制 人为 外资 的
35819,BAC009S0105W0229,不 存在 单一 实际 控制 人
35842,BAC009S0105W0252,降低 大宗 交易 门槛
36136,BAC009S0106W0201,交易 门槛 降低 八成
36397,BAC009S0107W0126,国家 统计 局 数据 显示
36557,BAC009S0107W0308,今后 欧洲 双 品牌 运作
36842,BAC009S0108W0225,上交 所 调整 上市 平台
36878,BAC009S0108W0264,在全 球 移动 操作 系统 中
37102,BAC009S0109W0134,逐步 降低 企业 融资 成本
37128,BAC009S0109W0160,虽然 统计 局 数据 显示
37185,BAC009S0109W0219,以 降低 决策 的 随意 性
37302,BAC009S0109W0352,据 比利时 环保 部门 监测
37576,BAC009S0110W0269,但 由于 数据 中心 终端
37786,BAC009S0111W0122,国家 统计 局 数据 显示
37902,BAC009S0111W0239,对 通过 机动 车 总量 控制
38154,BAC009S0112W0129,国家 统计 局 数据 显示
38242,BAC009S0112W0218,降低 氮 氧化 物 的 措施
38287,BAC009S0112W0267,尽管 有 投放 数量 的 数据
38543,BAC009S0113W0154,国家 统计 局 数据 显示
38575,BAC009S0113W0187,下同 的 年报 现场 检查
38580,BAC009S0113W0192,年报 现场 检查 情况 前期
38602,BAC009S0113W0214,检查 共 发现 二百 个 问题
38650,BAC009S0113W0262,全部 智能 可 穿戴 设备 中
38875,BAC009S0114W0133,中期 调整 趋势 不 会 改变
38937,BAC009S0114W0195,规范 运作 水平 有 待 提升
39066,BAC009S0114W0334,一方面 检查 机车 运行 情况
39229,BAC009S0115W0131,国家 统计 局 数据 显示
39251,BAC009S0115W0153,国家 统计 局 的 数据 显示
39281,BAC009S0115W0183,将 有 利于 降低 购房 成本
39496,BAC009S0115W0401,需要 不 同 的 运作 机制
39839,BAC009S0116W0385,前 一 段 的 训练 很 系统
39970,BAC009S0117W0147,亚豪 机构 统计 数据 显示
40309,BAC009S0118W0133,购房 成本 进一步 降低
40452,BAC009S0118W0285,能否 借鉴 亚马逊 的 模式
40478,BAC009S0118W0319,随着 进口 设备 不 断 降价
41203,BAC009S0120W0322,企业 多 以 代 加工 为主
41207,BAC009S0120W0327,明天 就 生产 安踏 鞋子 了
41399,BAC009S0121W0148,对于 七 月份 房价 数据
41575,BAC009S0121W0336,也 在 考验 生产 制造 企业
42182,BAC009S0123W0212,这 只是 最 初级 的 检测
42617,BAC009S0124W0292,如果 未经 测试 没 有 注册
43008,BAC009S0125W0328,没 有 软件 就 没 有 设备
43336,BAC009S0126W0289,操作 系统 受制 于 谷歌
44085,BAC009S0128W0335,假使 用 者 启用 点球 模式
44214,BAC009S0128W0467,公司 生产 经营 情况 正常
44263,BAC009S0129W0142,从 数据 可以 明显 看出
44271,BAC009S0129W0151,但 高位 回落 的 压力 渐显
44353,BAC009S0129W0235,从 交易 操作 角度 来说
44512,BAC009S0129W0403,始终 会保 持 一定 的 压力
44600,BAC009S0130W0122,从 数据 可以 明显 看出
44609,BAC009S0130W0131,但 高位 回落 的 压力 渐显
44721,BAC009S0130W0244,夯实 合 规 运作 基础
44794,BAC009S0130W0323,只能 通过 备份 数据 恢复
44795,BAC009S0130W0324,若平 台 没 有 备份 数据
44799,BAC009S0130W0328,窃取 或 删改 平台 数据
45032,BAC009S0131W0191,夯实 合 规 运作 基础
45094,BAC009S0131W0253,而 在 智能 电子 设备 行业
45149,BAC009S0131W0312,对 平台 数据 进行 加密
45803,BAC009S0133W0248,继续 固守 传统 业务 模式
46094,BAC009S0134W0171,中原 地产 统计 数据 显示
46187,BAC009S0134W0265,对 新型 无 人机 进行 测试
46210,BAC009S0134W0296,现在 的 智能 手机 设备
46259,BAC009S0134W0347,能 控制 好 的 只有 自己
46409,BAC009S0135W0126,据 中原 地产 数据 显示
46936,BAC009S0136W0321,系统 才会 实时 展现 出来
47114,BAC009S0137W0127,易居 方面 的 数据 显示
47506,BAC009S0138W0174,融 三六零 的 监测 还 发现
47560,BAC009S0138W0228,要 切实 抓好 农业 生产
47562,BAC009S0138W0230,加大 农业 生产 支持 力度
47602,BAC009S0138W0275,色彩 调整 点 相当 于 两倍
47841,BAC009S0139W0166,根据 亚豪 机构 数据 统计
48101,BAC009S0139W0448,就可 以 操作 机械 设备
48184,BAC009S0140W0157,根据 亚豪 机构 数据 统计
48584,BAC009S0141W0194,生产 更多 能 达标 的 车型
48995,BAC009S0142W0237,在保 障 房 封闭 运作 之后
49619,BAC009S0144W0135,昨天 的 统计 数据 显示
49797,BAC009S0144W0322,根据 中怡康 数据 统计
50314,BAC009S0146W0122,部分 城市 去 化 压力 尚存
50359,BAC009S0146W0167,部分 城市 去 化 压力 尚存
50367,BAC009S0146W0175,但 降低 首 付 作用 有限
50379,BAC009S0146W0188,并且 今后 还要 现场 检查
50471,BAC009S0146W0291,以 让 客户 操作 更 便捷
50818,BAC009S0147W0280,让 智能 手机 操作 打印 机
51378,BAC009S0148W0493,此前 组织 开展 专项 检查
51537,BAC009S0149W0285,戴 上 这款 可 穿戴 设备
51991,BAC009S0150W0398,在 如此 巨大 的 压力 下
52391,BAC009S0151W0448,对 全市 进行 拉网 式 检查
52515,BAC009S0152W0198,国内 没 有 定量 检测 方法
52755,BAC009S0152W0446,是一 个 总分 模式
53114,BAC009S0153W0448,影响 地铁 正常 运行 的
53115,BAC009S0153W0449,除了 技术 和 设备 故障 外
53169,BAC009S0154W0130,长期 处于 低位 运行 区间
53225,BAC009S0154W0188,积极 促进 经济 结构 调整
53343,BAC009S0154W0316,比如 电动 机 和 电池 系统
53544,BAC009S0155W0155,宝龙 地产 公布 数据 显示
54274,BAC009S0157W0164,周 数据 的 价格 波动 较大
55361,BAC009S0160W0166,主要 系 受 工程 进度 调整
55459,BAC009S0160W0268,松下 宣布 收购 三洋 电机
55470,BAC009S0160W0279,三洋 电机 则全 面 退出
55486,BAC009S0160W0305,曾 在 广汽 丰田 负责 生产
55688,BAC009S0161W0133,据 搜狐 焦点 网 数据 显示
56064,BAC009S0162W0168,加快 商业 模式 创新 转型
56438,BAC009S0163W0204,产业 结构 需 进一步 调整
56466,BAC009S0163W0234,降低 门槛 要 考虑 风险
56467,BAC009S0163W0235,对于 降低 创业 板门 槛
56476,BAC009S0163W0244,不 能 简单 降低 发行 门槛
56646,BAC009S0163W0425,因为 昆 凌 就 快要 生产
57150,BAC009S0165W0203,小型 电站 运行 基本 稳定
57170,BAC009S0165W0223,分布式 电源 并网 推出 后
57609,BAC009S0166W0319,可以 研发 设备 以及 软件
57610,BAC009S0166W0320,检测 老人 在家 的 活动
57767,BAC009S0166W0478,暂停 收取 门票 两 个 月
57789,BAC009S0167W0128,催生 了 新 的 办公 模式
57906,BAC009S0167W0296,以 减少 数据 流量 的 使用
58208,BAC009S0168W0255,这个 操作 系统 具有 风险
58311,BAC009S0168W0364,共同 见证 了 网站 的 启动
58438,BAC009S0169W0122,是 办公 的 零二零 模式
58598,BAC009S0169W0302,据 中怡康 的 监测 数据
58834,BAC009S0170W0179,这 使得 其 资金 压力 较小
59210,BAC009S0171W0201,一些 地方 边 干 边 调整
59365,BAC009S0171W0372,蔡 泽林 顺势 调整 速度
59450,BAC009S0171W0457,根据 往年 交通 运行 情况
60003,BAC009S0173W0286,以及 汽车 共享 模式 方面
60296,BAC009S0174W0210,有 铬盐 生产 企业 五 家
60353,BAC009S0174W0268,天合 光能 太阳 能 系统
60355,BAC009S0174W0270,通过 能耗 数据 模型 预测
60432,BAC009S0174W0351,下半 年 以来 训练 很 系统
60526,BAC009S0174W0445,暂停 一年 的 自主 招生
60970,BAC009S0176W0157,对于 合作 模式 的 核心
60984,BAC009S0176W0171,一 是 成本 控制 的 方式
61360,BAC009S0177W0179,工业 生产 增速 亦 回落
61367,BAC009S0177W0186,经济 下行 压力 仍 存 十月
61372,BAC009S0177W0191,调整 为 即 征 即 退 政策
62740,BAC009S0181W0140,双方 就可 能 走 这种 模式
62766,BAC009S0181W0166,持续 调整 保障 房 政策
62788,BAC009S0181W0189,影响 计算机 系统 正常 运行
62918,BAC009S0181W0331,数据 显示
63025,BAC009S0181W0442,黑龙江 籍 等人 控制
64034,BAC009S0184W0398,但 好在 还是 控制 住 了
64230,BAC009S0185W0233,暂停 保 代 人保 荐 项目
64434,BAC009S0185W0464,该 物流 园 将 启动 运营
64766,BAC009S0186W0436,八百 米 一千 米耐 力 测试
64847,BAC009S0187W0144,楼盘 价格 调整 趋于 理性
65640,BAC009S0189W0228,而 对于 生产 企业 而言
65643,BAC009S0189W0231,一旦 生产 企业 支撑 不 住
66420,BAC009S0191W0289,作为 电子 产品 生产 地
66709,BAC009S0192W0215,建立 有效 的 监测 体系
66952,BAC009S0192W0470,医生 正在 为 妇 孕妇 检查
67168,BAC009S0193W0326,报废 后 重新 大量 生产
67498,BAC009S0194W0299,当 用户 处于 电脑 模式 时
67832,BAC009S0195W0274,原来 盗版 的 操作 系统
68459,BAC009S0197W0185,我们 压力 还是 比较 大 的
68575,BAC009S0197W0308,输入 大量 数据 进行 优化
68580,BAC009S0197W0313,这 就 涉及 到 活体 检测
68932,BAC009S0198W0303,运行 速度 关乎 客户 体验
68941,BAC009S0198W0313,第 一 步 人脸 检测
69254,BAC009S0199W0269,改 为 贴牌 生产 的 方式
69262,BAC009S0199W0278,据 海关 总署 数据 显示
69465,BAC009S0199W0484,每年 做 一 次 内镜 检查
69522,BAC009S0200W0167,模式 自然 也 就 多种 多样
69672,BAC009S0200W0323,通过 建立 人脸 数据 库
70108,BAC009S0201W0401,我 就 调整 了 一 下 心情
70377,BAC009S0202W0324,完成 自主 导航 自主 检测
70719,BAC009S0203W0311,加 上智 能 的 控制 平台
71383,BAC009S0205W0247,协同 控制 各类 污染 物
71546,BAC009S0205W0425,导致 工作 全面 暂停
71680,BAC009S0206W0186,要求 控制 房价 涨幅 水平
71709,BAC009S0206W0215,促进 经济 健康 平稳 运行
72064,BAC009S0207W0212,四周 来 监测 情况 表明
72068,BAC009S0207W0216,下 阶段 将 持续 监测 分析
72133,BAC009S0207W0285,触屏 部分 需要 维护 修理
72409,BAC009S0208W0202,合资 券商 的 审批 被 暂停
72526,BAC009S0208W0323,盈利 模式 自然 就 出来 了
72717,BAC009S0209W0147,国家 统计 局 数据 显示
73002,BAC009S0209W0442,该 公司 操作 非常 神秘
73528,BAC009S0211W0242,各家 的 操作 模式 如何
73878,BAC009S0212W0244,二零一一 年 数据 显示
74300,BAC009S0213W0325,正 进行 产品 结构 调整
74331,BAC009S0213W0359,八月 初 才 恢复 系统 训练
74338,BAC009S0213W0366,减轻 了 他 身 上 的 压力
74537,BAC009S0214W0191,至于 何时 启动 中欧 谈判
74869,BAC009S0215W0164,极大 降低 了 管理 成本
74932,BAC009S0215W0227,有 利于 社会 关系 的 调整
74952,BAC009S0215W0247,目前 法院 的 审理 模式 是
75012,BAC009S0215W0321,在 这份 光鲜 的 数据 背后
75594,BAC009S0217W0172,着力 提升 资本 运作 水平
75632,BAC009S0217W0211,保证 治污 设施 正常 运行
75657,BAC009S0217W0236,并 向 社会 公布 监测 结果
75678,BAC009S0217W0264,已经 对 该 问题 进行 修复
75948,BAC009S0218W0180,润东 汽车 财务 数据 显示
76173,BAC009S0218W0442,目前 火情 得到 有效 控制
76188,BAC009S0218W0458,目前 泄漏 已 得到 控制
77587,BAC009S0222W0455,火势 已经 基本 得到 控制
77598,BAC009S0222W0466,是 公安 系统 备案 的 毒贩
77691,BAC009S0223W0188,这 是一 个 系统 性 工程
78171,BAC009S0224W0354,杨 建平 控制 住 了 情绪
78406,BAC009S0225W0221,披露 离职 数据 及 进展
78462,BAC009S0225W0278,他 推动 网络 直销 的 模式
78719,BAC009S0226W0185,来自 莱 坊 的 数据 显示
78977,BAC009S0226W0459,非法 控制 近 十 小时
79270,BAC009S0227W0389,有 商业 模式 创新 的 需求
79442,BAC009S0228W0190,但 实际 操作 做 不 到
79455,BAC009S0228W0203,速冻 食品 质量 控制 视频
79697,BAC009S0228W0453,洋人 街 索道 已 暂停 使用
79738,BAC009S0229W0123,据 搜房 网 数据 统计 显示
79904,BAC009S0229W0289,所以 提出 了 分拆 的 模式
80159,BAC009S0230W0176,中原 地产 最 新 数据 显示
80314,BAC009S0230W0332,有 统计 机构 的 数据 显示
80852,BAC009S0232W0140,从 九月 首 周 数据 来看
80873,BAC009S0232W0162,中原 地产 最 新 数据 显示
81530,BAC009S0234W0124,从 九月 首 周 数据 来看
81564,BAC009S0234W0158,亚豪 机构 统计 数据 显示
82004,BAC009S0235W0230,需要 及时 调整
82009,BAC009S0235W0235,通过 对 监管 政策 的 调整
82283,BAC009S0236W0138,根据 实际 调整 政策 力度
82335,BAC009S0236W0190,四 是 推进 信息 系统 建设
82338,BAC009S0236W0193,降低 了 成本 投入
82368,BAC009S0236W0223,采用 便捷 的 操作 方式
82762,BAC009S0237W0246,对 防范 信息 系统 故障
82785,BAC009S0237W0274,通过 各式 可 穿戴 设备
83093,BAC009S0238W0209,午后 暂停 其 股票 的 交易
83095,BAC009S0238W0211,整个 结算 体系 运行 正常
83103,BAC009S0238W0220,信息 系统 管理 问题 较多
83127,BAC009S0238W0244,提高 交易 数据 分析 水平
83169,BAC009S0238W0296,拥有 无 分心 阅读 模式
83376,BAC009S0239W0134,部分 资金 压力 大 的 房企
83401,BAC009S0239W0160,有 机构 统计 数据 显示
83435,BAC009S0239W0194,要 及时 启动 初步 调查
83523,BAC009S0239W0294,以及 数据 同步 的 实力
84262,BAC009S0241W0320,再 加 上 后续 维护 费用
84567,BAC009S0242W0262,在 睡眠 模式 下 坚持 四天
84578,BAC009S0242W0285,控制 相机 拍照 等 功能
84616,BAC009S0242W0333,在民 间 资本 启动 之 前
84801,BAC009S0243W0167,新区 管委会 发布 数据 称
84846,BAC009S0243W0214,应当 纳入 新基 金法 调整
84854,BAC009S0243W0222,进一步 调整 推广 销售 要求
84872,BAC009S0243W0240,继续 存续 运作
85038,BAC009S0243W0438,游泳 馆 现已 经 暂停 营业
85171,BAC009S0244W0201,基本 解决 了 系统 内部 计
85260,BAC009S0244W0307,可能 他们 压力 就 大 了
85363,BAC009S0244W0414,要 暂停 工作 专心 养伤
85366,BAC009S0244W0418,就 惊现 疑似 压力 秃
85387,BAC009S0244W0441,目前 系统 正在 调试 中
86323,BAC009S0247W0306,从 数据 的 采集 到 输入
86690,BAC009S0248W0321,去 提升 技术 降低 成本
87205,BAC009S0250W0131,分析 目前 的 销售 数据
87327,BAC009S0250W0257,以 避免 调整 授权 模式
87646,BAC009S0251W0231,调整 为 管理 人办 法
87697,BAC009S0251W0296,包括 一些 适应 温度
87897,BAC009S0252W0140,中指 院 监测 数据 显示
88031,BAC009S0252W0281,只 负责 收集 和 传输 数据
88035,BAC009S0252W0285,大大 降低 设备 的 耗电 量
88044,BAC009S0252W0295,长 时间 收集 健康 数据
88050,BAC009S0252W0302,对于 这 类 可 穿戴 设备
88267,BAC009S0334W0159,大力 推进 新 资产 模式
88769,BAC009S0335W0315,据 中怡康 的 监测 数据
89036,BAC009S0336W0213,根据 不 完全 统计 数据
89081,BAC009S0336W0258,所以 目前 这 类 测试 较少
89227,BAC009S0336W0426,就 全面 暂停 演艺 工作
89228,BAC009S0336W0427,卧床 安胎 直到 生产
89314,BAC009S0337W0139,万科 刚 启动 精装 修 战略
89326,BAC009S0337W0151,根据 这份 指引 逐一 检查
89766,BAC009S0338W0226,第 二 天一 方面 是有 压力
90235,BAC009S0339W0336,同时 做好 生产 线 改造
90346,BAC009S0339W0452,海浪 橙色 警报 已发 布
90434,BAC009S0340W0165,马云 实际 控制 了 阿里
90503,BAC009S0340W0235,第 二 天一 方面 是有 压力
90566,BAC009S0340W0301,我们 偏向 于 走 美国 模式
91044,BAC009S0341W0427,虽然 只是 来 医院 检查
91215,BAC009S0342W0225,仅 记者 手中 掌握 的 数据
91528,BAC009S0343W0180,率先 启动 一 家 店面
91729,BAC009S0343W0393,维护 宪法 和 法律 的 权威
92138,BAC009S0344W0438,面对 交警 执法 检查 时
92205,BAC009S0345W0131,持续 优化 整个 人居 系统
92514,BAC009S0345W0456,被 路边 监控 系统 拍摄 到
92519,BAC009S0345W0461,被 路边 监控 系统 拍摄 到
92635,BAC009S0346W0202,安全 生产 隐患 排查 表
92655,BAC009S0346W0222,据 交通 运输 部 统计 数据
93151,BAC009S0347W0360,感觉 心态 没 有 调整 好
93245,BAC009S0347W0455,但 因为 电梯 没 有 停止
93329,BAC009S0348W0164,施工 未 暂停
93516,BAC009S0348W0366,我们 需要 暂停 一 段 时间
93701,BAC009S0349W0181,没 有 官方 数据 公布
93792,BAC009S0349W0274,夏普 还 调整 组织 架构
94102,BAC009S0350W0217,而 监测 数据 自 说 自 话
94108,BAC009S0350W0223,并 向 社会 发布 监测 结果
94111,BAC009S0350W0226,实施 多 污染 物 协同 控制
94133,BAC009S0350W0248,并 形成 常规 监测 功能 后
94311,BAC009S0350W0433,初步 检查 未 发现 明火
94349,BAC009S0350W0475,经 十年 监测 研究 发现
94403,BAC009S0351W0156,沪深 两 市 近期 大幅 调整
94484,BAC009S0351W0253,生产 最 新型 的 存储 芯片
94572,BAC009S0351W0358,为了 控制 纤维 的 摄入 量
94859,BAC009S0352W0286,并 参观 了 一三 生产 线
95089,BAC009S0353W0147,马云 控制 的 阿里巴巴 公司
95092,BAC009S0353W0150,他 可以 牢牢 控制 阿里巴巴
95124,BAC009S0353W0183,沪深 两 市 近期 大幅 调整
95153,BAC009S0353W0220,校园 空气 质量 监测 方案
95154,BAC009S0353W0221,环境 空气 监测 质量 保证
95184,BAC009S0353W0251,清洁 生产 评价 指标 体系
95185,BAC009S0353W0252,清洁 生产 审核 收费 标准
95473,BAC009S0354W0187,国家 清洁 生产 审核 师
95474,BAC009S0354W0188,清洁 生产 审核 验收 方案
95475,BAC009S0354W0189,清洁 生产 审核 的 时限
95525,BAC009S0354W0239,使 操作 过程 空 公开 透明
95557,BAC009S0354W0279,除了 上述 两种 模式 外
95671,BAC009S0354W0403,我 没 有 卫冕 的 压力
95854,BAC009S0355W0214,生产 成本 反而 可能 更 高
96392,BAC009S0356W0406,重启 后 的 马尔文 科
96508,BAC009S0357W0149,公司 销售 数据 继续 回暖
96539,BAC009S0357W0184,二零一五 年 启动 海外 业务
96678,BAC009S0357W0327,或许 也是 遵循 该 模式
96687,BAC009S0357W0336,其 数据 都会 留 下 痕迹
97016,BAC009S0358W0311,或许 也是 遵循 该 模式
97038,BAC009S0358W0333,全复 盖 的 数据 更有 价值
97041,BAC009S0358W0336,商 派 的 数据 更加 全面
97359,BAC009S0359W0306,平台 的大 数据 归 平台
97362,BAC009S0359W0309,只是 一 个 数据 保险 箱
97369,BAC009S0359W0316,将 数据 融入 到 产品 中
97455,BAC009S0359W0402,水立方 水 上 比赛 模式
97510,BAC009S0359W0458,火势 已经 得到 初步 控制
97629,BAC009S0360W0202,但 总体 压力 仍然 较大
97630,BAC009S0360W0203,从全 国 监测 的 情况 来看
97732,BAC009S0360W0321,采集 每个 点 上 的 数据
97794,BAC009S0360W0384,采购 国际 先进 制冰 设备
97795,BAC009S0360W0385,实现 可 转换 制冰 系统
98077,BAC009S0361W0313,在 系统 和数 据 安全 上
98336,BAC009S0362W0201,二 是 完善 各 征信 系统
98626,BAC009S0363W0129,这 只是 一 种 合作 模式
98787,BAC009S0363W0293,一旦 形成 大数 据 模式
99012,BAC009S0421W0146,要 调整 资产 和 负债 结构
99073,BAC009S0421W0210,今年 的 检查 结果 表明
99369,BAC009S0422W0139,今年 总体 行情 调整
100090,BAC009S0509W0140,维护 公众 不 动产 权益
100100,BAC009S0509W0150,数据 整合 成为 其 难点
100110,BAC009S0509W0160,新 部门 如何 重新 系统 化
100197,BAC009S0509W0248,以 降低 房屋 的 使用 成本
100428,BAC009S0510W0131,登记 数据 整合 建库
100495,BAC009S0510W0200,将 于 九月 份 正式 启动
100779,BAC009S0511W0138,浙江 银监 局 数据 显示
100792,BAC009S0511W0151,吉林 银监 局 数据 显示
101167,BAC009S0512W0168,可 问题 在于 检测 的 工具
101212,BAC009S0512W0214,亦可 交 由 该 公司 运作
101395,BAC009S0512W0401,把 压力 转化 为 动力 吧
101592,BAC009S0513W0226,就 已经 觉得 压力 颇 大
101919,BAC009S0514W0188,由于 庞大 的 资金 压力
101947,BAC009S0514W0216,而 模式 不清 晰 的 根源
102246,BAC009S0515W0149,最 低首 付款 比例 调整
102341,BAC009S0515W0252,如果 管理 费门 槛 降低
102353,BAC009S0515W0269,苹果 和 三星 的 设备 了
103070,BAC009S0517W0256,我们 现有 这样 的 设备
103085,BAC009S0517W0271,但 在 智能 穿戴 设备 上
103285,BAC009S0517W0471,近日 在 医院 检查 才 发现
104232,BAC009S0520W0330,欲 复制 与 北汽 合作 模式
104561,BAC009S0521W0301,最 新 的 财报 数据 显示
104643,BAC009S0521W0384,一直 持续 进行 改造 维护
104830,BAC009S0522W0196,会根 据 具体 情况 做 调整
105484,BAC009S0596W0147,随着 新 一轮 的 结构 调整
105649,BAC009S0596W0316,对 大多 数据 进行 归纳 后
105711,BAC009S0596W0378,无法 控制 对 跑步 的 渴望
105773,BAC009S0596W0441,这次 检测 结果 仍 为 合格
105852,BAC009S0597W0145,并 合理 控制 运营 成本
105866,BAC009S0597W0159,并 合理 控制 运营 成本
106106,BAC009S0597W0402,肯定 会 有 一定 的 压力
106256,BAC009S0598W0178,各地 调整 公积金 政策
106259,BAC009S0598W0181,国家 统计 局 数据 显示
106311,BAC009S0598W0233,部分 省市 的 操作 方法 是
106589,BAC009S0599W0158,各地 调整 公积金 政策
106592,BAC009S0599W0161,国家 统计 局 数据 显示
106647,BAC009S0599W0220,根据 各地 的 监测 分析
107347,BAC009S0601W0220,部分 养殖 场 停止 孵化
107479,BAC009S0655W0152,通过 降低 首 付款 比例
107552,BAC009S0655W0225,信息 披露 有 两种 模式
107824,BAC009S0656W0129,通过 降低 首 付款 比例
107978,BAC009S0656W0287,特斯拉 调整 中国 团队
108222,BAC009S0657W0160,同策 咨询 的 数据 显示
108240,BAC009S0657W0178,根据 链 家 提供 的 数据
108307,BAC009S0657W0246,如何 控制 中小 企业 成本
108342,BAC009S0657W0285,必须 是 封闭 的 生态 系统
108483,BAC009S0657W0431,马上 暂停 比赛 参与 施救
109026,BAC009S0659W0245,降低 消费 者 维权 成本
109057,BAC009S0659W0279,这次 特斯拉 被 远程 控制
109077,BAC009S0659W0303,公安 系统 有 很多 的 数据
109761,BAC009S0661W0270,尽管 特斯拉 善于 品牌 运作
109784,BAC009S0661W0294,尽管 特斯拉 善于 品牌 运作
110856,BAC009S0664W0262,特斯拉 拓展 直销 模式
110876,BAC009S0664W0282,特斯拉 拓展 直销 模式
111096,BAC009S0665W0134,相关 公司 股票 走势 降低
111264,BAC009S0665W0312,就算 做 个 局部 小 系统
111405,BAC009S0665W0462,目前 嫌犯 已 被 警方 控制
111640,BAC009S0666W0323,智能 家居 系统 的 制造 商
111857,BAC009S0701W0166,部分 城市 去 化 压力 尚存
112208,BAC009S0702W0156,部分 城市 去 化 压力 尚存
112611,BAC009S0703W0216,临床 实验 工作 已 启动
112909,BAC009S0704W0156,按揭 的 压力 还是 很大
112985,BAC009S0704W0232,国内 光伏 系统 并网 率
113030,BAC009S0704W0280,模拟 人脑 思维 的 模式
113062,BAC009S0704W0313,据 不 完全 统计 数据 显示
113380,BAC009S0705W0259,以 降低 成本 和 提高 产量
113408,BAC009S0705W0294,如果 这些 数据 好 于 预期
113518,BAC009S0705W0405,确认 影片 将 停止 拍摄
113635,BAC009S0706W0150,并 降低 贷款 上浮 幅度
113672,BAC009S0706W0188,深圳 最 低 工资 调整
113726,BAC009S0706W0246,十二五 总量 控制 指标
113727,BAC009S0706W0247,十二五 期间 总量 控制
113758,BAC009S0706W0282,但是 我们 依然 没 有 停止
114010,BAC009S0707W0165,由此 前 的 五年 调整 两年
114232,BAC009S0707W0404,不 排除 重启 的 可能
114390,BAC009S0708W0189,工 信 部 最 新 数据 显示
114477,BAC009S0708W0287,车轮 配备 了 单独 的 电机
114509,BAC009S0708W0323,雷 柏 的 键盘 生产 线 上
114766,BAC009S0709W0211,协议 控制 模式 可以 休矣
114851,BAC009S0709W0303,同样 在 鼠标 生产 线 上
114884,BAC009S0709W0336,据 不 完全 统计 数据 显示
115047,BAC009S0710W0130,易居 研究 院 数据 显示
115108,BAC009S0710W0191,协议 控制 模式 可以 休矣
115413,BAC009S0711W0130,整体 运行 呈 上行 趋势
115446,BAC009S0711W0163,整体 运行 呈 上行 趋势
116695,BAC009S0714W0319,并 帮助 企业 管理 数据
117034,BAC009S0715W0294,但 特斯拉 如果 停止 研发
117178,BAC009S0715W0445,但 修复 工作 尚未 开始
117443,BAC009S0716W0364,后来 再 也 调整 不 回来
118000,BAC009S0718W0189,动态 调整 新农合 支付 标准
118012,BAC009S0718W0209,食品 生产 企业 硬件 要求
118048,BAC009S0718W0245,加强 公立 医院 费用 控制
118132,BAC009S0718W0331,采用 互联 网 模式 销售
118213,BAC009S0718W0415,拍戏 现场 温度
118593,BAC009S0719W0427,因 角色 压力 大 为
118693,BAC009S0720W0155,所有 人 都 有 开单 压力
118699,BAC009S0720W0161,区域 经理 给 经纪 人 压力
119470,BAC009S0722W0214,艾滋 病 正确 的 检测 时间
119471,BAC009S0722W0215,高危 六 周 艾滋 病 检测
119473,BAC009S0722W0217,艾滋 病 多久 可以 检测 出
119474,BAC009S0722W0218,哪里 检测 艾滋 病 最 准
119977,BAC009S0723W0370,与 这 一 次 测试 赛 相比
